Index,Name,Classification,dD,dP,dH,BP,LD50,CAS,Desc,Img_URL,SDS_Page,Img_URL_alt,Toxicity_Ref
,1-Chloronaphthalene,Halogenated,20.5,4.9,2.5,259,1540,90-13-1,1-chloronaphthalene is a clear colorless to amber oily viscous liquid.,https://upload.wikimedia.org/wikipedia/commons/thumb/a/af/1-chloronaphthalene_200.svg/1200px-1-chloronaphthalene_200.svg.png,https://pubchem.ncbi.nlm.nih.gov/compound/7003,https://upload.wikimedia.org/wikipedia/commons/thumb/a/af/1-chloronaphthalene_200.svg/300px-1-chloronaphthalene_200.svg.png,
,1-Methyl Naphthalene,NH & Aromatic,19.7,0.8,4.7,245,1840,90-12-0,1-methylnaphthalene is a colorless liquid. Freezing point -22°C (7.6°F). Boiling point 240-243°C (464-469°F). Flash point 82°C (180°F). Denser than water. Derived from coal tar and used in organic synthesis.,https://pubchem.ncbi.nlm.nih.gov/image/imgsrv.fcgi?cid=7002&t=l,https://pubchem.ncbi.nlm.nih.gov/compound/7002,,
,1-Methyl-4-(1-Methylethenyl)Benzene,NH & Aromatic,17.7,2.7,2.9,186.8,"5,700",1195-32-0,"P-Mentha-1,3,5,8-tetraene is a monocyclic hydrocarbon and a monoterpene.",http://www.chemspider.com/ImagesHandler.ashx?id=56173&w=250&h=250,https://pubchem.ncbi.nlm.nih.gov/compound/1-Methyl-4-_prop-1-en-2-yl_benzene#section=1D-NMR-Spectra,,
,1-Pentanol,"Alcohol, Ketones, & Water",15.9,5.9,13.9,138,200,71-41-0,"Pentan-1-ol is an alkyl alcohol that is pentane in which a hydrogen of one of the methyl groups is substituted by a hydroxy group. It has been isolated from Melicope ptelefolia. It has a role as a plant metabolite. It is an alkyl alcohol, a primary alcohol, a pentanol and a short-chain primary fatty alcohol.",http://www.chemspider.com/ImagesHandler.ashx?id=6040&w=250&h=250,https://pubchem.ncbi.nlm.nih.gov/compound/1-Pentanol,,
,1-Pentylcyclopentane,NH & Aromatic,16.6,2,3,180,,3741-00-2,A clear colorless to yellow viscous liquid used recently as an additive for organic solar cells and as as heat transfer fluids for High Temperature Energy Applications,https://assets.fishersci.com/TFS-Assets/CCG/Chemical-Structures/chemical-structure-cas-3741-00-2.jpg-650.jpg,https://pubchem.ncbi.nlm.nih.gov/compound/Pentylcyclopentane,,
,1-Phenylnaphthalene,NH & Aromatic,19.9,2.7,3.8,357.2,,0605-02-07,Clear liquid used in the manufacture of synthetic resins and rubber adhesives and also as a blowing agent in the manufacture of polyurethane insulating foam,http://www.chemspider.com/ImagesHandler.ashx?id=11302&w=250&h=250,https://pubchem.ncbi.nlm.nih.gov/compound/1-Phenylnaphthalene,,
,"1,2-Dimethoxybenzene (Veratrol)",NH & Aromatic,19.2,4.4,9.4,207,890,91-16-7,"1,2-Dimethoxybenzene is a natural product found in Ophrys sphegodes, Averrhoa carambola, and other organisms with data available.",http://www.chemspider.com/ImagesHandler.ashx?id=13861009&w=250&h=250,https://pubchem.ncbi.nlm.nih.gov/compound/1_2-Dimethoxybenzene,,
,"1,4-Cineole",Terpene,17.1,3.6,3.7,65,3100,,"1,4-cineole is an oxabicycloalkane consisting of p-menthane with an epoxy bridge across positions 1 and 4. It has a role as a plant metabolite, a fumigant insecticide and a central nervous system depressant. It is a cineole and an oxabicycloalkane.",https://file.medchemexpress.com/product_pic/hy-n7117.gif,https://pubchem.ncbi.nlm.nih.gov/compound/1_4-Cineole,,
,"1,8-Cineole (Eucalyptol)",Terpene,16.7,4.6,3.4,172,2480,,Eucalyptol is naturally produced cyclic ether and monoterpenoid. Eucalyptol is an ingredient in many brands of mouthwash and cough suppressant. It controls airway mucus hypersecretion and asthma via anti-inflammatory cytokine inhibition. Eucalyptol is an effective treatment for nonpurulent rhinosinusitis. Eucalyptol reduces inflammation and pain when applied topically. It kills leukaemia cells in vitro.,http://www.chemspider.com/ImagesHandler.ashx?id=2656&w=250&h=250,https://pubchem.ncbi.nlm.nih.gov/compound/Eucalyptol,,
,2-Methyl Benzothiophene,NH & Aromatic,19.6,3.2,4.9,232.6,,1195-14-8,Colorless to pale yellow clear phenolic solvent that can be synthesized by reacting 2-thianaphthenyllithium with methyl p-toluenesulfonate.,http://www.chemspider.com/ImagesHandler.ashx?id=64114&w=250&h=250,https://pubchem.ncbi.nlm.nih.gov/compound/2-Methylbenzo_b_thiophene,,
,2-Methyl Tetrahydrofuran (2-Me-THF),NH & NA,16.9,5,4.3,79,300 - 2000,96-47-9,Methyltetrahydrofuran appears as a colorless liquid with an ether-like odor. Less dense than water. Vapors heavier than air. Used to make other chemicals and as a solvent.,https://upload.wikimedia.org/wikipedia/commons/thumb/a/a9/Methyltetrahydrofuran.svg/1200px-Methyltetrahydrofuran.svg.png,https://pubchem.ncbi.nlm.nih.gov/compound/2-Methyltetrahydrofuran,,
,2-Methylnaphthalene,NH & Aromatic,19.5,3.1,4.1,242,1630,,2-methylnaphthalene is a white crystalline solid.,https://upload.wikimedia.org/wikipedia/commons/thumb/7/74/2-methylnaphthalene.svg/1200px-2-methylnaphthalene.svg.png,https://pubchem.ncbi.nlm.nih.gov/compound/2-Methylnaphthalene,,
,2-phenylbutene-1,Terpene,17.2,2,2.6,185,,2039-93-2,1-Phenyl-2-butene is a natural product found in Origanum sipyleum and Thymus longicaulis,http://www.chemspider.com/ImagesHandler.ashx?id=67435&w=250&h=250,https://pubchem.ncbi.nlm.nih.gov/compound/1-Phenyl-2-butene,,
,2-Propanol,"Alcohol, Ketones, & Water",15.8,6.1,16.4,82,3600,67-63-0,"Isopropyl Alcohol is an isomer of propyl alcohol with antibacterial properties. Although the exact mechanism of isopropanol's disinfecting action is not known, it might kill cells by denaturing cell proteins and DNA, interfering with cellular metabolism, and dissolving cell lipo-protein membranes. Isopropanol is used in soaps and lotions as an antiseptic.",http://www.chemspider.com/ImagesHandler.ashx?id=3644&w=250&h=250,https://pubchem.ncbi.nlm.nih.gov/compound/Isopropyl-alcohol,,
,"2,2-Dimethyltetrahydrofuran",NH & NA,16,3.9,3.7,93,4000,1003-17-4,"2,2-Dimethyltetrahydrofuran is a heterocyclic ether used in the synthesis of tetrahydrofuran and other tetrahydropyran derivatives",http://www.chemspider.com/ImagesHandler.ashx?id=120544&w=250&h=250,https://pubchem.ncbi.nlm.nih.gov/compound/2_2-Dimethyltetrahydrofuran,,
,"2,5-Dimethylthiophenol",NH & Aromatic,19.5,3.1,4.5,211.9,3150,4001-61-0,"2,5-Dimethylbenzenethiol was used in the synthesis of poly(2-dodecanoylsulfanyl-p-phenylenevinylene).",http://www.chemspider.com/ImagesHandler.ashx?id=70020&w=250&h=250,https://pubchem.ncbi.nlm.nih.gov/compound/2_5-Dimethylbenzenethiol,,
,"3,4-Dimethylthiophenol",NH & Aromatic,19.5,3.1,4.5,211.9,,18800-53-8,,http://www.chemspider.com/ImagesHandler.ashx?id=79210&w=250&h=250,https://pubchem.ncbi.nlm.nih.gov/compound/3_4-Dimethylbenzenethiol,,
,a-methylstyrene,NH & Aromatic,18.5,2.4,2.4,166,4500,98-83-9,"Isopropenylbenzene appears as a colorless liquid. Insoluble in water and less dense than water. Flash point 115°F. May be mildly toxic by ingestion, inhalation and skin absorption. Vapors may be narcotic by inhalation. Used as a solvent and to make other chemicals.",http://www.chemspider.com/ImagesHandler.ashx?id=7129&w=250&h=250,https://pubchem.ncbi.nlm.nih.gov/compound/alpha-Methylstyrene,,
,Acetone,"Alcohol, Ketones, & Water",15.5,10.4,7,56,5800,67-64-1,"Acetone is a manufactured chemical that is also found naturally in the environment. It is a colorless liquid with a distinct smell and taste. It evaporates easily, is flammable, and dissolves in water. It is also called dimethyl ketone, 2-propanone, and beta-ketopropane. Acetone is used to make plastic, fibers, drugs, and other chemicals. It is also used to dissolve other substances. It occurs naturally in plants, trees, volcanic gases, forest fires, and as a product of the breakdown of body fat. It is present in vehicle exhaust, tobacco smoke, and landfill sites. Industrial processes contribute more acetone to the environment than natural processes.",https://pubchem.ncbi.nlm.nih.gov/image/imgsrv.fcgi?cid=180&t=l,https://pubchem.ncbi.nlm.nih.gov/compound/180,,
,Allyl Methyl Sulfide,NH & NA,17,4.1,4.3,92,2980,10152-76-8,"Allyl methyl sulfide is a natural product found in Allium chinense, Dactylanthus taylorii, and other organisms",http://www.chemspider.com/ImagesHandler.ashx?id=21159856&w=250&h=250,https://pubchem.ncbi.nlm.nih.gov/compound/Allyl-methyl-sulfide,,
,Amyl Methyl Disulfide,NH & NA,16.9,4.9,3.7,200,,72437-68-4,Allyl methyl disulfide is an organic disulfide having allyl and methyl as the two organic groups. It has a role as a plant metabolite and a volatile oil component.,http://www.chemspider.com/ImagesHandler.ashx?id=455742&w=250&h=250,"https://pubchem.ncbi.nlm.nih.gov/compound/Allyl-methyl-disulfide#:~:text=Allyl%20methyl%20disulfide%20is%20an,and%20a%20volatile%20oil%20component.&text=Allyl%20methyl%20disulfide%20is%20a,other%20organisms%20with%20data%20available.",,
,Amyl methyl Sulfide,NH & NA,16.9,4.9,3.7,145,,CAS 1741-83-9,Amyl methyl sulfide is a natural product found in Brassica napus,http://www.chemspider.com/ImagesHandler.ashx?id=14860&w=250&h=250,https://pubchem.ncbi.nlm.nih.gov/compound/Amyl-methyl-sulfide,,
,Anisole,NH & Aromatic,17.8,4.4,6.9,154,5290,100-66-3,"Anisole appears as a clear straw-colored liquid with an aromatic odor. Insoluble in water and the same density as water. Vapors heavier than air. Moderately toxic by ingestion. A skin irritant. Used to make perfumes, flavorings and as a solvent.",http://www.chemspider.com/ImagesHandler.ashx?id=7238&w=250&h=250,https://pubchem.ncbi.nlm.nih.gov/compound/Anisole,,
,Artemisia Ketone,Terpene,15.9,5.8,5.1,181,2750,546-49-6,Flavoring Agent with a herbal honey mint berry odour.,http://www.chemspider.com/ImagesHandler.ashx?id=61641&w=250&h=250,https://pubchem.ncbi.nlm.nih.gov/compound/3_3_6-Trimethylhepta-1_5-dien-4-one,,
,Benzaldehyde,NH & Aromatic,19.4,7.4,5.3,178.1,1300,100-52-7,Benzaldehyde appears as a clear colorless to yellow liquid with a bitter almond odor. Flash point near 145°F. More denser than water and insoluble in water. Hence sinks in water. Vapors are heavier than air. The primary hazard is to the environment. Immediate steps should be taken to limit spread to the environment. Easily penetrates the soil to contaminate groundwater and nearby waterways. Used in flavoring and perfume making.,http://www.chemspider.com/ImagesHandler.ashx?id=235&w=250&h=250,https://pubchem.ncbi.nlm.nih.gov/compound/Benzaldehyde,,
,Benzyl Benzoate,NH & Aromatic,20,5.1,5.2,324,1680,120-51-4,"Benzyl benzoate is a benzoate ester obtained by the formal condensation of benzoic acid with benzyl alcohol. It has been isolated from the plant species of the genus Polyalthia. It has a role as a scabicide, an acaricide and a plant metabolite. It is a benzyl ester and a benzoate ester. It derives from a benzoic acid.",http://www.chemspider.com/ImagesHandler.ashx?id=13856959&w=250&h=250,https://pubchem.ncbi.nlm.nih.gov/compound/Benzyl-benzoate,,
,Bisabolene,Terpene,16.7,2.2,4,130,5000,,(S)-beta-bisabolene is a beta-bisabolene which has (1S)-configuration. It is an enantiomer of a (R)-beta-bisabolene.,https://upload.wikimedia.org/wikipedia/commons/thumb/2/2c/Bisabolene-alpha.svg/1200px-Bisabolene-alpha.svg.png,https://pubchem.ncbi.nlm.nih.gov/compound/beta-Bisabolene,,
,Butyl Benzoate,NH & Aromatic,18.3,5.6,5.5,250,5140,136-60-7,"Butyl benzoate is a benzoate ester obtained by condensation of benzoic acid and butanol. It is used as a perfume ingredient and as a solvent for cellulose ether, a dye carrier for textiles. It has a role as an antimicrobial food preservative, a fragrance and a plant metabolite.",http://www.chemspider.com/ImagesHandler.ashx?id=8374&w=250&h=250,https://pubchem.ncbi.nlm.nih.gov/compound/Butyl-benzoate,,
,Carbon Disulfide (0 Dipole Moment),NH & NA,20.2,0,0.6,46.3,3188,75-15-0,"Carbon disulfide appears as a clear colorless to light yellow volatile liquid with a strong disagreeable odor. Boiling point 46° C. Flash point -22°F. Flammable over a wide vapor/air concentration range(1%-50%). Vapors are readily ignited; the heat of a common light bulb may suffice. Insoluble in water and more dense (10.5 lb / gal) than water. Hence sinks in water. Vapors are heavier than air. Used in the manufacture of rayon and cellophane, in the manufacture of flotation agents and as a solvent.",http://www.chemspider.com/ImagesHandler.ashx?id=6108&w=250&h=250,https://pubchem.ncbi.nlm.nih.gov/compound/Carbon-disulfide,,
,Carvone,Terpene,18,5.6,6.4,231,2263,,"Carvone is a p-menthane monoterpenoid that consists of cyclohex-2-enone having methyl and isopropenyl substituents at positions 2 and 5, respectively. It has a role as an allergen. It is a member of carvones and a botanical anti-fungal agent.",http://www.chemspider.com/ImagesHandler.ashx?id=15855&w=250&h=250,https://pubchem.ncbi.nlm.nih.gov/compound/Carvone,,
,Chlorobenzene,Halogenated,19,7.6,2.1,132,1110,108-90-7,"Chlorobenzene is a colorless, flammable liquid with an aromatic, almond-like odor. Some of it will dissolve in water, but it readily evaporates into air. It does not occur naturally in the environment. Chlorobenzene production in the United States has declined by more than 60% from its peak in 1960. It was used in the past to make other chemicals, such as phenol and DDT. Now chlorobenzene is used as a solvent for some pesticide formulations, to degrease automobile parts, and as a chemical intermediate to make several other chemicals.",http://www.chemspider.com/ImagesHandler.ashx?id=7676&w=250&h=250,"https://pubchem.ncbi.nlm.nih.gov/compound/Chlorobenzene#:~:text=Chlorobenzene%20is%20a%20colorless%2C%20flammable,from%20its%20peak%20in%201960.",,
,Chloroform,Halogenated,17.8,3.1,5.7,61.2,2180,67-66-3,Most commonly used solvent for organic electronics fabrication,http://www.chemspider.com/ImagesHandler.ashx?id=5977&w=250&h=250,https://pubchem.ncbi.nlm.nih.gov/compound/Chloroform,,
,Citral,Terpene,16.3,2.3,6.2,225,4960,,Citral appears as a clear yellow colored liquid with a lemon-like odor. Less dense than water and insoluble in water. Toxic by ingestion. Used to make other chemicals.,https://file.medchemexpress.com/product_pic/hy-n7083.gif,https://pubchem.ncbi.nlm.nih.gov/compound/Citral,,
,Citronellal,Terpene,16.2,5.9,5.2,208,2420,,"Citronellal is a monoterpenoid, the main component of citronella oil which gives it its distinctive lemon aroma. It has a role as a metabolite and an antifungal agent. It is a monoterpenoid and an aldehyde.",http://www.chemspider.com/ImagesHandler.ashx?id=7506&w=250&h=250,https://pubchem.ncbi.nlm.nih.gov/compound/Citronellal,,
,Citronellol,Terpene,16,4.7,10.7,225,3450,,Citronellol is a monoterpenoid that is oct-6-ene substituted by a hydroxy group at position 1 and methyl groups at positions 3 and 7. It has a role as a plant metabolite.,http://www.chemspider.com/ImageView.aspx?id=13850135,https://pubchem.ncbi.nlm.nih.gov/compound/3_7-dimethyloct-6-en-1-ol,,
,Cocoa Butenal,Terpene,18.3,5.9,4.8,177,5000,4411-89-6,2-Phenyl-2-butenal is an olefinic compound.,https://foodb.ca/structures/FDB008257/image.svg,https://pubchem.ncbi.nlm.nih.gov/compound/6429333,https://foodb.ca/structures/FDB008257/image.svg,
,Cyclopentyl Methyl Ether (CPME),NH & NA,16.7,4.3,4.3,106,>200 - <2000,5614-37-9,,http://www.chemspider.com/ImageView.aspx?id=122157,https://pubchem.ncbi.nlm.nih.gov/compound/Cyclopentyl-methyl-ether,,
,Cynamaldehyde,Terpene,18.7,6.7,5.4,248,3350,,Cinnamaldehyde is a yellow oily liquid with a cinnamon odor and sweet taste.,http://www.chemspider.com/ImageView.aspx?id=553117,https://pubchem.ncbi.nlm.nih.gov/compound/Cinnamaldehyde,,
,d-Limonene,Terpene,17.2,1.8,4.3,177,5200,5989-27-5,"A naturally-occurring class of moterpenes which occur as a clear colorless liquid at room temperature. Limonene is the major component in the oil of oranges which has many uses, including as flavor and fragrance. It is recognized as safe in food by the Food and Drug Administration (FDA).",https://upload.wikimedia.org/wikipedia/commons/thumb/0/03/%28R%29-Limonen.svg/800px-%28R%29-Limonen.svg.png,https://www.fishersci.com/store/msds?partNumber=AC203731000&productDescription=%28-%29-LIMONENE+92%25+100ML&vendorId=VN00032119&countryCode=US&language=en,,
,Dicyclohexyl disulfide,NH & NA,17.7,1.9,3.1,162,2000,,Dicyclohexyl disulfide is an organic disulfide.,http://www.chemspider.com/ImageView.aspx?id=16423,https://pubchem.ncbi.nlm.nih.gov/compound/Dicyclohexyl-disulfide,,
,Diethyl Carbonate,NH & NA,15.1,6.3,3.5,127,1500,105-58-8,Diethyl carbonate appears as a colorless liquid with a mild pleasant odor. It is slightly less dense than water and insoluble in water. Hence floats on water. Flash point 77°F. Vapors are heavier than air. When heated to high temperatures it may emit acrid smoke. Used as a solvent.,http://www.chemspider.com/ImageView.aspx?id=7478,https://pubchem.ncbi.nlm.nih.gov/compound/Diethyl-carbonate,,
,Diethyl sulfide,NH & NA,16.8,3.1,2,92,2000,,Diethyl sulfide appears as a colorless oily liquid with a garlic-like odor. Less dense than water. Vapors heavier than air. May irritate skin and eyes. Used to make other chemicals.,http://www.chemspider.com/ImageView.aspx?id=9233,https://pubchem.ncbi.nlm.nih.gov/compound/Diethyl-sulfide,,
,Diethylene Glycol,"Alcohol, Ketones, & Water",16.6,12,19,245,15600,111-46-6,"Diethylene glycol appears as a colorless liquid. Denser than water. Contact may slightly irritate skin, eyes and mucous membranes. May be slightly toxic by ingestion. Used to make other chemicals.",http://www.chemspider.com/ImageView.aspx?id=13835180,https://pubchem.ncbi.nlm.nih.gov/compound/DI_Hydroxyethyl_ether,,
,Diiodooctane,Halogenated,18.1,3.8,3.3,332.5,5800,-,,http://www.chemspider.com/Chemical-Structure.81807.html,https://pubchem.ncbi.nlm.nih.gov/compound/1_8-Diiodooctane,,
,Dimethyl Disulfide,NH & NA,17.6,7.8,6.5,110,>290,,Dimethyl disulfide appears as a colorless oily liquid with a garlic-like odor. Denser than water and slightly soluble in water. Vapors heavier than air. May irritate skin and eyes. Used to make other chemicals.,http://www.chemspider.com/Chemical-Structure.11731.html,https://pubchem.ncbi.nlm.nih.gov/compound/Dimethyl-disulfide,,
,Dimethyl Sulfide,NH & NA,16.1,6.4,7.4,37,3300,75-18-3,Dimethyl sulfide appears as a clear colorless to straw colored liquid with a disagreeable odor. Flash point less than 0°F. Less dense than water and slightly soluble in water. Vapors are heavier than air.,http://www.chemspider.com/Chemical-Structure.1039.html,https://pubchem.ncbi.nlm.nih.gov/compound/Dimethyl-sulfide,,
,Dimethyl Sulfoxide (DMSO),NH & NA,18.4,16.4,10.2,191,14500,67-68-5,"Dimethyl Sulfoxide is a highly polar organic liquid that is used widely as a chemical solvent and a free radical scavenger. It shows a range of pharmacological activity including analgesia and anti-inflammation. Because of its ability to penetrate biological membranes, it is used as a vehicle for topical application of pharmaceuticals. It is also used to protect cells and tissue during cryopreservation and has been used to treat extravasation damage caused by anthracycline-based chemotherapy.",http://www.chemspider.com/Chemical-Structure.659.html,https://pubchem.ncbi.nlm.nih.gov/compound/Dimethyl-sulfoxide,,
,Dipentene,Terpene,16.7,2.2,4,176,2000,,Limonene is a monoterpene that is cyclohex-1-ene substituted by a methyl group at position 1 and a prop-1-en-2-yl group at position 4 respectively. It has a role as a human metabolite. It is a monoterpene and a cycloalkene. It derives from a hydride of a p-menthane.,https://www.wikidata.org/wiki/Q27888324,https://pubchem.ncbi.nlm.nih.gov/compound/Limonene,https://www.wikidata.org/wiki/Q27888324,
,Diphenyl Ether,NH & Aromatic,19.4,3.4,4,258,2450,,Diphenyl ether is an aromatic ether in which the oxygen is attached to two phenyl substituents. It has been found in muscat grapes and vanilla. It has a role as a plant metabolite.,https://www.tcichemicals.com/AT/en/p/P0177,https://pubchem.ncbi.nlm.nih.gov/compound/Diphenyl-ether,https://www.tcichemicals.com/AT/en/p/P0177,
,Diphenyl sulfide,NH & NA,20.3,3.5,3.5,296,12000,,Diphenyl sulfide is an aryl sulfide that consists of two phenyl groups connected by a sulphur atom.,https://upload.wikimedia.org/wikipedia/commons/thumb/3/3a/Diphenyl_sulfide.svg/600px-Diphenyl_sulfide.svg.png,https://pubchem.ncbi.nlm.nih.gov/compound/Diphenyl-sulfide,https://www.wikidata.org/wiki/Q420998,
,Diphenylmethane,NH & Aromatic,19.5,1,1,264,2250,101-81-5,Diphenylmethane is a diarylmethane that is methane substituted by two phenyl groups.,https://upload.wikimedia.org/wikipedia/commons/thumb/c/c5/Diphenylmethane.svg/440px-Diphenylmethane.svg.png,https://pubchem.ncbi.nlm.nih.gov/compound/Diphenylmethane,https://www.sigmaaldrich.com/US/en/product/aldrich/240079,
,Dipropyl Disulfide,NH & NA,16.2,4.5,3.4,193,2000,629-19-6,Dipropyl disulfide is an organic disulfide where the alkyl groups specified are propyl. It is a component of the essential oils obtained from Allium. It has a role as a plant metabolite.,https://www.sigmaaldrich.com/deepweb/content/dam/sigma-aldrich/product9/039/841603_dipropyl_sulfide_841603_dipropyl_sulfide_all.jpg/_jcr_content/renditions/841603_dipropyl_sulfide_841603_dipropyl_sulfide_all-large.jpg,https://pubchem.ncbi.nlm.nih.gov/compound/Dipropyl-disulfide,https://www.tcichemicals.com/OP/en/p/D0932,
,Ethanol,"Alcohol, Ketones, & Water",15.8,8.8,19.4,78.4,5628,64-17-5,"Ethanol is a primary alcohol that is ethane in which one of the hydrogens is substituted by a hydroxy group. It has a role as an antiseptic drug, a polar solvent, a neurotoxin, a central nervous system depressant, a teratogenic agent, a NMDA receptor antagonist, a protein kinase C agonist, a disinfectant, a human metabolite, a Saccharomyces cerevisiae metabolite, an Escherichia coli metabolite and a mouse metabolite. It is a primary alcohol, an alkyl alcohol, a volatile organic compound and a member of ethanols. It is a conjugate acid of an ethoxide.",https://upload.wikimedia.org/wikipedia/commons/thumb/e/e8/Ethanol-structure.svg/2560px-Ethanol-structure.svg.png,https://pubchem.ncbi.nlm.nih.gov/compound/Ethanol,https://commons.wikimedia.org/wiki/File:Ethanol-structure.svg,
,Ethanolamine,NH & NA,17,15.5,21,170,10200,141-43-5,Monoethanolamine is a first generation monoethanolamine with antihistaminic property. Ethanolamine competes with free histamine for binding at the histamine (H)-1 receptor thereby acting as an inverse agonist that combines with and stabilizes the inactive form of the H1-receptor thereby shifting the equilibrium toward the inactive state. This leads to a reduction of the negative symptoms brought on by H1-receptor binding.,https://media.scbt.com/product/ethanolamine-141-43-5-_11_49_b_114947.jpg,https://pubchem.ncbi.nlm.nih.gov/compound/Ethanolamine,https://ar.m.wikipedia.org/wiki/%D9%85%D9%84%D9%81:Ethanolamine.png,
,Ethyl Acetate,NH & NA,18.8,5.3,7.2,77.1,5620,,Ethyl acetate appears as a clear colorless liquid with a fruity odor. Flash point 24°F. Less dense than water. Vapors heavier than air.,https://www.eptes.com/wp-content/uploads/2018/08/Ethyl-acetate.jpg,https://pubchem.ncbi.nlm.nih.gov/compound/Ethyl-acetate,https://byjus.com/chemistry/ethyl-acetate-formula/,
,Ethyl Lactate,NH & NA,16,7.6,12.5,154,2500,97-64-3,,https://upload.wikimedia.org/wikipedia/commons/2/27/Ethyl_lactate.png,,,
,Ethyl Methyl Sulfide,NH & NA,17.1,4.8,2.5,67,5000,,,http://www.stenutz.eu/chem/mol2svg.php?id=4410&w=6&h=6,,,
,Ethyl Pentyl Sulfide,NH & NA,16.6,2.8,3,172.3,,26158-99-6,,http://www.stenutz.eu/chem/mol2svg.php?id=21189&w=6&h=6,,,
,Ethyl Phenyl Sulfide,NH & Aromatic,19.2,4.7,5.6,204,,18800-53-8,,https://www.sigmaaldrich.com/deepweb/content/dam/sigma-aldrich/structure0/175/mfcd00009265.eps/_jcr_content/renditions/mfcd00009265-medium.png,https://pubchem.ncbi.nlm.nih.gov/compound/Ethyl-phenyl-sulfide#:~:text=Ethyl%20phenyl%20sulfide%20%7C%20C8H10S%20%2D%20PubChem,https://pubchem.ncbi.nlm.nih.gov/image/imgsrv.fcgi?cid=87799&t=l,
,Ethylene Glycol,"Alcohol, Ketones, & Water",17,11,26,197,4700,107-21-1,"Ethylene glycol is a clear, sweet, slightly viscous liquid that boils at 198 °C (388.4 °F). Its most common use is as an automotive antifreeze. ",https://www.tcichemicals.com/medias/E0105.jpg?context=bWFzdGVyfHJvb3R8Mjg3MjF8aW1hZ2UvanBlZ3xoZWYvaGNiLzg5MjU5NTU4MTc1MDIvRTAxMDUuanBnfDcyMGNjMWQ1OTA5YjdmMDdlNjNmM2EzN2M3OTYxMTA4OWZhMzdhY2EzYjQzMjRmYmY0YjljMzA0OGI0MGI1Njg,https://pubchem.ncbi.nlm.nih.gov/compound/174,https://www.tcichemicals.com/medias/E0105.jpg?context=bWFzdGVyfHJvb3R8Mjg3MjF8aW1hZ2UvanBlZ3xoZWYvaGNiLzg5MjU5NTU4MTc1MDIvRTAxMDUuanBnfDcyMGNjMWQ1OTA5YjdmMDdlNjNmM2EzN2M3OTYxMTA4OWZhMzdhY2EzYjQzMjRmYmY0YjljMzA0OGI0MGI1Njg,
,Ethylene Glycol Monomethyl Ether,"Alcohol, Ketones, & Water",16,8.2,15,124,"2,000",109-86-4,"Also known as 2-Methoxyethanol,  it is used as a solvent for many different purposes, (e.g., varnishes, dyes, and resins) and as a jet deicing additive.",http://structuresearch.merck-chemicals.com/getImage/MDA_CHEM_100859,https://pubchem.ncbi.nlm.nih.gov/compound/2-Methoxyethanol,http://structuresearch.merck-chemicals.com/getImage/MDA_CHEM_100859,
,Eucalyptol,Terpene,16.7,2.8,2.5,177,4280,10008-91-0,a liquid C10H18O with an odor of camphor that occurs in many essential oils (as of eucalyptus) and is used especially as an expectorant and flavoring agent. — called also cineole. ,http://www.chemspider.com/Chemical-Structure.2656.html,https://pubchem.ncbi.nlm.nih.gov/compound/2758,https://chem.nlm.nih.gov/chemidplus/structure/470-82-6,https://www.ncbi.nlm.nih.gov/pmc/articles/PMC4014229/
,Eucarvone,Terpene,17.5,5,3.8,227,635, 503-93-5,"Eucarvone is a natural terpene found in Teucrium polium, Asarum hypogynum,  black currant, angelica root, and other organisms. ",https://upload.wikimedia.org/wikipedia/commons/thumb/3/39/EMB_Eucarvone.svg/1143px-EMB_Eucarvone.svg.png,https://pubchem.ncbi.nlm.nih.gov/compound/136330,,
,Farnesol,Terpene,16.4,3.8,7.7,111,2150,4602-84-0,"Farnesol is a colorless liquid with a delicate floral odor  found in Lonicera japonica, Alpinia hainanensis, and other organisms",https://upload.wikimedia.org/wikipedia/commons/d/d0/Farnesol_terpene.png,https://pubchem.ncbi.nlm.nih.gov/compound/445070,,
,Geraniol,Terpene,16,4.7,11,230,3600,106-24-1,"Geraniol is a monoterpene that is found within many essential oils of fruits, vegetables, and herbs including rose oil, citronella, lemongrass, lavender, and other aromatic plants. It is emitted from the flowers of many species of plant and is commonly used by the food, fragrance, and cosmetic industry",https://upload.wikimedia.org/wikipedia/commons/3/39/Geraniol.png,https://pubchem.ncbi.nlm.nih.gov/compound/Geraniol,,
,Glycerol,"Alcohol, Ketones, & Water",17.4,11.3,27.2,290,12600,56-81-5,"Used as a solvent, humectant, plasticizer, emollient, sweetener, coating for paper, antifreeze for automobiles, and fluid for gas meters, hydraulic jacks, and shock absorber; Also used to make nitroglycerol (dynamite), cosmetics, soaps, liqueurs, confectioneries, inks, lubricants, glues; and medications; Also used to keep fabrics pliable; to preserve printing on cotton; and to defrost windshields",https://upload.wikimedia.org/wikipedia/commons/thumb/d/dc/Glycerin_Skelett.svg/1200px-Glycerin_Skelett.svg.png,https://pubchem.ncbi.nlm.nih.gov/compound/753,,
,Heptane,"Alcohol, Ketones, & Water",15.3,0,0,98,2000,142-82-5,"Heptane is the straight-chain alkane with the chemical formula H3C(CH2)5CH3 or C7H16, and is one of the main components of gasoline (petrol)",https://upload.wikimedia.org/wikipedia/commons/1/15/HeptaneFull.png,https://pubchem.ncbi.nlm.nih.gov/compound/Heptane,,
,Indane,NH & Aromatic,19,3,2.9,176.5,5000,0496-11-7,Indane is an ortho-fused bicyclic hydrocarbon consisting of a benzene ring fused to a cyclopentane ring; a high-boiling (176 (o)C) colourless liquid. It is a member of indanes and an ortho-fused bicyclic hydrocarbon.,https://upload.wikimedia.org/wikipedia/commons/thumb/d/d8/Indane_structure.svg/1200px-Indane_structure.svg.png,https://pubchem.ncbi.nlm.nih.gov/compound/10326,,
,Isobutylamine,NH & NA,15.5,4.4,6.9,63,224,78-81-9,"Isobutylamine is an organic chemical compound (specifically, an amine) with the formula (CH3)2CHCH2NH2, and occurs as a colorless liquid. Isobutylamine is one of the four isomeric amines of butane, the others being n-butylamine, sec-butylamine and tert-butylamine.",https://upload.wikimedia.org/wikipedia/commons/thumb/7/74/Isobutylamine.svg/1200px-Isobutylamine.svg.png,https://pubchem.ncbi.nlm.nih.gov/compound/Isobutylamine,,
,Jasminone,Terpene,17.5,5.5,3.1,175,5000,51608-18-5,"Also known as 2-(trans-2-Pentenyl)cyclopentanone, it is a cyclic ketone. with Lactonic, peach, creamy coconut with apricot and coumarin undertones. Smooth and creamy notes to enrich floral, fruity, and tropical types for personal care and fine fragrances.",http://www.chemspider.com/ImagesHandler.ashx?id=4941595&w=250&h=250,https://pubchem.ncbi.nlm.nih.gov/compound/Jasminone,,
,L-Menthone,Terpene,16.9,5,2.4,207,2180,14073-97-3,"Menthone is a monoterpene with a minty flavor that occurs naturally in a number of essential oils. Menthone is a natural product found in Xylopia aromatica, Hedeoma multiflora, and other organisms ",https://upload.wikimedia.org/wikipedia/commons/thumb/f/f9/%28%2B%29-Menthone_structure.svg/1200px-%28%2B%29-Menthone_structure.svg.png,https://pubchem.ncbi.nlm.nih.gov/compound/Menthone,,
,Laevo-Fenchone,Terpene,17.4,5.2,2.1,193,616,7787-20-4,L-fenchone is a constituent of the essential oils obtained from fennel. It has a role as a plant metabolite. It has camphor herbal earthy woody scent,https://upload.wikimedia.org/wikipedia/commons/d/d6/Fenchone.png,https://pubchem.ncbi.nlm.nih.gov/compound/L-Fenchone,,
,Laevo-Rose-Oxide,Terpene,16.7,3,3.4,182,4300,3033-23-6,"Rose oxide is a fragrance chemical found in roses and rose oil. It also contributes to the flavor of some fruits, such as lychee, and wines, such as Gewürztraminer.",https://upload.wikimedia.org/wikipedia/commons/thumb/8/81/Rosenoxide.svg/640px-Rosenoxide.svg.png,https://pubchem.ncbi.nlm.nih.gov/compound/27866,,
,Leaf Acetal,Terpene,16.9,3.7,3.7,195,5000,7493-57-4,"Leaf acetal has been found in Guava and Plum. It  is used as natural green top notes in floral fragrances insluding shampoos, soaps and detergents as well as in mossy or citrus perfumes and fruity flavors with reminiscence of tropical fruits.",https://www.chemsrc.com/caspic/196/18287-01-9.png,https://pubchem.ncbi.nlm.nih.gov/compound/Acetaldehyde-ethyl-cis-3-hexenyl-acetal,,
,Linalool,Terpene,16.5,2,9.1,202.4,2790,78-70-6,"Linalool occurs both free and in the form of esters in many essential oils and is used in perfumes, soaps, and flavoring materials as it has a spicy herbal odor. ",https://upload.wikimedia.org/wikipedia/commons/thumb/8/80/Linalool.png/1200px-Linalool.png,https://pubchem.ncbi.nlm.nih.gov/compound/6549,,
,Linalyl acetate,Terpene,16,2.8,5.5,220,13360,115-95-7,"Linalyl acetate is a naturally occurring phytochemical found in many flowers and spice plants. It is one of the principal components of the essential oils of bergamot and lavender. Chemically, it is the acetate ester of linalool, and the two often occur in conjunction.",https://upload.wikimedia.org/wikipedia/commons/thumb/b/b5/Linalyl_acetate.svg/1200px-Linalyl_acetate.svg.png,https://pubchem.ncbi.nlm.nih.gov/compound/8294,,
,m-Methylstyrene,NH & Aromatic,17.9,2.2,2.6,169.7,4900,100-80-1,3-Methylstyreneis used as pharmaceutical intermediate,https://comptox.epa.gov/dashboard-api/ccdapp1/chemical-files/image/by-dtxcid/DTXCID201436,https://pubchem.ncbi.nlm.nih.gov/compound/3-Methylstyrene,,
,m-Xylene,NH & Aromatic,18,2.3,2.3,144.5,3523,108-38-3 ,"It is one of the three isomers of dimethylbenzene known collectively as xylenes. The m- stands for meta-, indicating that the two methyl groups in m-xylene occupy positions 1 and 3 on a benzene ring.",https://upload.wikimedia.org/wikipedia/commons/thumb/5/58/Meta-Xylol_-_meta-xylene_2.svg/640px-Meta-Xylol_-_meta-xylene_2.svg.png,https://pubchem.ncbi.nlm.nih.gov/compound/m-Xylene,,https://fscimage.fishersci.com/msds/95260.htm
,Mesitylene,NH & Aromatic,18,0.6,0.6,165,7000,108-67-8,"Mesitylene is a colorless liquid with sweet aromatic odor. It is a component of coal tar, which is its traditional source. It  is natural product found in Lepidium meyenii and Ferulago nodosa ",https://www.sigmaaldrich.com/deepweb/content/dam/sigma-aldrich/structure6/109/mfcd00008538.eps/_jcr_content/renditions/mfcd00008538-large.png,https://pubchem.ncbi.nlm.nih.gov/compound/Mesitylene,,
,,,,,,,,,,,,,
,Methanesulfonic Acid,NH & NA,18.7,21,24.7,167,,75-75-2,,https://upload.wikimedia.org/wikipedia/commons/thumb/9/96/Structural_formula_of_methanesulfonic_acid.svg/1200px-Structural_formula_of_methanesulfonic_acid.svg.png,,,
,Methanol,"Alcohol, Ketones, & Water",14.7,12.3,22.3,65,1187,67-56-1,"Methanol is a toxic alcohol that is used industrially as a solvent, pesticide, and alternative fuel source. It also occurs naturally in humans, animals, and plants.",https://upload.wikimedia.org/wikipedia/commons/thumb/f/f1/Methanol_Lewis.svg/1200px-Methanol_Lewis.svg.png,https://pubchem.ncbi.nlm.nih.gov/compound/Methanol,,
,Methyl Butyl Sulfide,NH & NA,16.7,3.3,3.1,124.2,,628-29-5,,https://www.sigmaaldrich.com/deepweb/content/dam/sigma-aldrich/structure3/126/mfcd00015256.eps/_jcr_content/renditions/mfcd00015256-medium.png,,,
,Methyl Pentyl Sulfide,NH & NA,16.7,3.1,3.2,145,,1741-83-9,,http://www.stenutz.eu/chem/mol2svg.php?id=21189&w=6&h=6,,,
,Methyl Phenyl Sulfide,NH & Aromatic,19.6,4.8,4.7,195,,,,https://www.sigmaaldrich.com/deepweb/content/dam/sigma-aldrich/product5/199/820825_methyl_phenyl_sulfide_820825_methyl_phenyl_sulfide_all.jpg/_jcr_content/renditions/820825_methyl_phenyl_sulfide_820825_methyl_phenyl_sulfide_all-medium.jpg,,,
,Methyl Propyl Sulfide,NH & NA,16.7,3.5,3.3,97,535,3877-15-4,,https://assets.fishersci.com/TFS-Assets/CCG/Chemical-Structures/chemical-structure-cas-3877-15-4.jpg-650.jpg,,,
,Methylene Diiodide (Diiodomethane),Halogenated,22,3.9,5.5,181,,75-11-6,,https://upload.wikimedia.org/wikipedia/commons/thumb/0/09/Structural_formula_of_diiodomethane.svg/1200px-Structural_formula_of_diiodomethane.svg.png,,,
,Myrcene,Terpene,16,2.2,5.1,167,5000,,,https://upload.wikimedia.org/wikipedia/commons/thumb/0/0c/Myrcene_beta_acsv.svg/1200px-Myrcene_beta_acsv.svg.png,,,
,n-Butyl Acetate,NH & NA,15.8,3.7,6.3,126,3200,123-86-4,,https://upload.wikimedia.org/wikipedia/commons/thumb/8/8b/Butylacetat.svg/1200px-Butylacetat.svg.png,,,
,n-Butyl Amine,NH & NA,16.2,4.5,8,77,,109-73-9,,https://upload.wikimedia.org/wikipedia/commons/thumb/6/6d/N-butyl_amine-Structural_Formula_V.1.svg/1280px-N-butyl_amine-Structural_Formula_V.1.svg.png,,,
,n-Methyl-2-Pyrrolidone (Nmp),NH & NA,18,12.3,7.2,202,,872-50-4,,https://upload.wikimedia.org/wikipedia/commons/f/f1/N-Methylpyrrolidone_Structural_Formulae.png,,,
,Nerol,Terpene,16.7,4.5,11.3,226,4500,,,https://upload.wikimedia.org/wikipedia/commons/thumb/1/10/Nerol_structure.svg/1200px-Nerol_structure.svg.png,,,
,Nerolidol,Terpene,16.4,2.7,8.7,122,5000,,,https://upload.wikimedia.org/wikipedia/commons/b/bb/Nerolidol_-_cis.png,,,
,o-Methylanisole,NH & Aromatic,18.3,4.7,4.8,170,5000,578-58-5,"2-methylanisole is a monomethoxybenzene that is o-cresol in which phenolic hydroxy group has been converted to the corresponding methyl ether. A 'green' solvent (b.p. 171 ℃) and food flavour ingredient, it is found in mastic oils, virgin olive oils and frankincense.",https://upload.wikimedia.org/wikipedia/commons/thumb/6/64/2-methylanisole.svg/220px-2-methylanisole.svg.png,https://pubchem.ncbi.nlm.nih.gov/compound/2-Methylanisole,,
,O-Xylene,NH & Aromatic,17.8,1,3.1,144.5,3680,106-42-3,O-xylene appears as a colorless watery liquid with a sweet odor. It is the most commonly used 'green solvent' for OPV. ,https://i0.wp.com/www.differencebetween.com/wp-content/uploads/2020/03/Difference-Between-O-Xylene-and-P-Xylene_1.png,https://pubchem.ncbi.nlm.nih.gov/compound/O-Xylene,,
,Ocimene,Terpene,17.4,1.7,3.3,100,5600,,,https://upload.wikimedia.org/wikipedia/commons/f/fa/%28Z%29-beta-Ocimene.svg,,,
,Octane,"Alcohol, Ketones, & Water",15.5,0,0,125.6,5000,111-65-9,,https://d777cy4k381n2.cloudfront.net/media/catalog/product/cache/d2e1422d45fc8c2430184578d7e3ae1b/m/o/molecular_structure_PROD0016769.png,,,
,Oleic Acid,NH & NA,16,2.8,6.2,360,,112-80-1,,https://file.medchemexpress.com/product_pic/hy-n1446.gif,,,
,p-Anisaldehyde,NH & NA,19.1,10,7.4,248,,0123-11-5,,https://upload.wikimedia.org/wikipedia/commons/thumb/f/fa/Anisaldehyde-2D-structure.svg/1200px-Anisaldehyde-2D-structure.svg.png,,,
,p-Cymene,NH & NA,17.4,2.3,2.4,177,4750,99-87-6,,https://www.eptes.com/wp-content/uploads/2018/08/P-Cymene.jpg,,,
,p-Methylstyrene,NH & Aromatic,18,2.9,3.6,172.5,,622-97-9,,https://assets.fishersci.com/TFS-Assets/CCG/Chemical-Structures/chemical-structure-cas-622-97-9.jpg-650.jpg,,,
,p-Xylene,NH & Aromatic,17.8,1,3.1,144.5,,,,https://www.tcichemicals.com/medias/X0014.jpg?context=bWFzdGVyfHJvb3R8MzU2NzV8aW1hZ2UvanBlZ3xoMGMvaDFmLzg5MjgxMTAzNzkwMzgvWDAwMTQuanBnfDc2Y2Y2OTc5MzA5NGFkZTYzMmNiNWE4Yjc4OWRlMjIwYWQ4OTVjYWJjNzNlODdjNDc1N2MzOTUwMTU0MGViM2E,,,
,Pentafluorostyrene,NH & NA,16.2,2.7,3.3,139,,653-34-9,,https://www.polymersource.ca/image/cache/data/category_structure/B-1-10-13_5FS-680x600.png,,,
,Pentylamine,NH & NA,15.9,4.2,7.6,106.5,,110-58-7,,https://upload.wikimedia.org/wikipedia/commons/thumb/f/fe/Pentylamine_Structural_Formula_V.1.svg/1200px-Pentylamine_Structural_Formula_V.1.svg.png,,,
,Pentylcyclopentane,NH & NA,16.1,0.1,0.1,182,,,,https://www.molport.com/shop/molecule-image?id=6115662&width=350&height=350&quality=50,,,
,Perillaldehyde,Terpene,17.1,6.9,5.9,237,1720,18031-40-8,"Perillaldehyde is a natural organic compound found most abundantly in the annual herb perilla, but also in a wide variety of other plants and essential oils. It is used as food additives for flavoring and in perfumery to add spiciness",https://www.eptes.com/wp-content/uploads/2018/08/Perillaldehyde.jpg,https://pubchem.ncbi.nlm.nih.gov/compound/Perillaldehyde,,
,Phellandrene,Terpene,16.5,1.6,3.9,171,5700,99-83-2.," It has a role as a volatile oil component, a plant metabolite and an antimicrobial agent. ",https://eybna.com/wp-content/uploads/2019/08/a-phellandrene-1.png,https://pubchem.ncbi.nlm.nih.gov/compound/alpha-Phellandrene,,
,Phenetole (Ethyl Phenyl Ether),NH & Aromatic,18.4,4.5,4,168,,,,https://upload.wikimedia.org/wikipedia/commons/thumb/6/65/Ethyl_phenyl_ether.png/800px-Ethyl_phenyl_ether.png,,,
,Pinol,Terpene,16.5,2.4,3.1,192,438,2437-97-0 ,,https://www.chemicalbook.com/CAS2/GIF/60761-04-8.gif,,,
,Piperitone,Terpene,17,6.2,4.5,233,2450,,,https://upload.wikimedia.org/wikipedia/commons/7/78/Piperitone.png,,,
,Poly(Ethylene Glycol),"Alcohol, Ketones, & Water",16.3,3.7,7.6,150,,25322-68-3,,https://upload.wikimedia.org/wikipedia/commons/thumb/6/64/PEG_Structural_Formula_V1.svg/1200px-PEG_Structural_Formula_V1.svg.png,,,
,Propylene Carbonate,"Alcohol, Ketones, & Water",20,18,4.1,242,,108-32-7,,http://structuresearch.merck-chemicals.com/getImage/MDA_CHEM_807051,,,
,Propylene Glycol,"Alcohol, Ketones, & Water",16.8,10.4,21.3,188.2,,57-55-6,,https://upload.wikimedia.org/wikipedia/commons/3/3e/Propylene_glycol_chemical_structure.png,,,
,Pulegone,Terpene,17.5,8.9,5.5,224,1709,,,https://upload.wikimedia.org/wikipedia/commons/a/a5/Pulegone_Structural_Formulae.png,,,
,Quinoline,NH & Aromatic,20.5,5.6,5.7,237.3,,91-22-5,,https://upload.wikimedia.org/wikipedia/commons/thumb/2/2c/Chinolin.svg/1200px-Chinolin.svg.png,,,
,Sabinene,Terpene,16.6,1.5,1.8,163.6,7060,,,https://www.caymanchem.com/images/catalog/screen/25777.png,,,
,Spicy Pentanone,Terpene,17.3,4.3,3.3,103,3700,5349-62-2,,https://www.tcichemicals.com/medias/P0061.jpg?context=bWFzdGVyfHJvb3R8Mjk4NzN8aW1hZ2UvanBlZ3xoNzUvaDY0Lzg5MjcyODIxMzUwNzAvUDAwNjEuanBnfGJkYzZmNDkwZTE1YzkzZWU1ZDA3ODZkYTY0Mjk2NjVmY2U3ZDk2YWVlNDk4OTIwOWQ5YzFiZjJmODQxZmM0ZDc,,,
,Sylvestrene,Terpene,16.6,3,4.1,175.4,5000,,,http://www.stenutz.eu/chem/mol2svg.php?id=14209&w=6&h=6,,,
,Terpinene,Terpene,17.2,1.8,4.3,183,3650,,,https://upload.wikimedia.org/wikipedia/commons/8/89/Gamma_terpinene.png,,,
,Terpineol,Terpene,17,5.3,10.9,219,4300,,,https://upload.wikimedia.org/wikipedia/commons/thumb/d/d0/Terpineol_alpha.svg/1200px-Terpineol_alpha.svg.png,,,
,Terpinolene,Terpene,17.2,1.9,4.1,186,4390,,,https://www.caymanchem.com/images/catalog/screen/21712.png,,,
,Tetrahydrofuran (THF),NH & NA,16.8,5.7,8,66,,109-99-9,,https://www.acs.org/content/dam/acsorg/molecule/archive-new/t/tetrahydrofuran-teaser.png,,,
,Tetrahydronaphthalene (Tetralin),NH & Aromatic,19.6,2,2.9,208,,119-64-2,,https://upload.wikimedia.org/wikipedia/commons/thumb/2/28/Tetralin.svg/1200px-Tetralin.svg.png,,,
,Toluene,NH & Aromatic,18,1.4,2,111,,108-88-3,,https://www.tcichemicals.com/medias/T0260.jpg?context=bWFzdGVyfHJvb3R8Mzc5OTR8aW1hZ2UvanBlZ3xoOGUvaDQ3Lzg5Mjc3MTIxODIzMDIvVDAyNjAuanBnfGQ5NmZmNDQwNzg2ZmE1OGM3NzNlNTRmZjM5MjFkZTBjMWFjNjY2Yjc0ZDJjMzhkMjE2MjA1MjVmNmI2ZDQ0NGE,,,
,Trimethylbenzene,NH & Aromatic,18,1,1,169,,,,https://upload.wikimedia.org/wikipedia/commons/thumb/2/2b/Mesitylen.svg/1200px-Mesitylen.svg.png,,,
,Umbellulone,Terpene,17.7,6.6,4.1,220,1450,,,https://upload.wikimedia.org/wikipedia/commons/thumb/6/6c/Umbellulone.svg/1200px-Umbellulone.svg.png,,,
,Water,"Alcohol, Ketones, & Water",15.5,16,42.3,100,90000,7732-18-5,The ideal green solvent.,https://useruploads.socratic.org/Av5galnwSZCm71nHdUx0_770px-Water-2D-flat.png,https://pubchem.ncbi.nlm.nih.gov/compound/962,,
,Zingiberene,Terpene,16.6,1.4,4.1,135,2000,,,https://upload.wikimedia.org/wikipedia/commons/9/98/Zingiberene.png,,,
,β-Pinene,Terpene,16.2,1,1.8,160,4700,127-91-3,,https://upload.wikimedia.org/wikipedia/commons/thumb/1/1e/Beta-pinen.svg/1200px-Beta-pinen.svg.png,,,
,γ-Butyrolactone (GBL),NH & NA,18,16.6,7.4,204,,96-48-0,,https://upload.wikimedia.org/wikipedia/commons/thumb/1/16/Gamma-Butyrolactone.svg/1200px-Gamma-Butyrolactone.svg.png,,,
,γ-Valerolactone,NH & NA,16.8,11.4,6.7,195.9,,108-29-2,,https://upload.wikimedia.org/wikipedia/commons/d/d2/Gamma-valerolactone.png,,,
,Vanillin,Terpene,19.3,11.1,13.9,285,3978,121-33-5,,https://upload.wikimedia.org/wikipedia/commons/thumb/5/5c/Ortho-Vanillin.svg/1200px-Ortho-Vanillin.svg.png,,,